Seed,Keyword,Intent,Volume,KD%,CPC (USD),Updated
claude ai,what is claude ai,I,5400,77,0.30,2 weeks
claude ai,who owns claude ai,I,2900,35,6.68,2 weeks
claude ai,is claude ai free,I,1000,,2.35,1 month
claude ai,who makes claude ai,I,1000,83,0.39,1 month
claude ai,how to download file from claude ai,I,880,22,0.00,3 weeks
claude ai,is claude ai any good to create trading strategies,I,880,35,0.00,3 weeks
claude ai,is claude ai down,I,880,24,0.00,1 month
claude ai,is claude.ai down,I,720,27,0.00,1 month
claude ai,what is claude ai good for,I,590,67,0.37,1 month
claude ai,how to use claude ai,I,480,53,1.81,3 weeks
claude ai,what is claude.ai,I,480,77,0.30,2 weeks
claude ai,how much is claude ai,I,390,53,1.29,Last week
claude ai,who made claude ai,I,390,81,0.00,1 month
claude ai,is claude ai better than chatgpt,I,320,32,0.25,Last week
claude ai,who created claude ai,I,260,80,0.00,1 month
claude ai,can claude ai generate images,I/C,210,24,1.88,1 month
claude ai,what does claude ai do,I,210,80,0.29,1 month
claude ai,what is claud ai,I,210,79,0.50,1 month
claude ai,is claude the best ai,C,170,,1.25,1 month
claude ai,who developed claude ai,I,170,75,0.00,2 weeks
claude ai,who own claude ai,I,170,43,3.08,1 month
claude ai,how much does claude ai cost,I,140,55,1.65,1 month
claude ai,is claud ai down,N,140,32,0.00,1 month
claude ai,is claude ai safe,I,140,22,0.00,1 month
claude ai,what is claude ai used for,I,140,71,0.40,1 month
claude ai,who is claude ai,I,140,79,0.10,1 month
claude ai,does claude ai have a limit,I,110,22,0.00,3 weeks
claude ai,is claude ai good,I,110,43,0.30,2 weeks
claude ai,what is claude ai best for,C,110,73,0.53,3 weeks
claude ai,who owns claude.ai,I,110,,6.68,
claude ai,who runs claude ai,I,110,37,0.00,1 month
claude code,what is claude code,I,2400,57,1.28,2 weeks
claude code,how to referencing another chat in claude,I,1900,,0.00,1 month
claude code,how to use claude code,I,1900,55,1.98,2 weeks
claude code,how to use claude code frontend-design plugin,I,1900,29,0.00,2 weeks
claude code,can i sync vsstudio and claude code between multiple devices,I,1600,21,0.00,1 month
claude code,who owns claude,I,1300,29,0.00,Last week
claude code,can claude generate images,I,1000,17,2.60,1 month
claude code,how can i talk to claude code,I,1000,50,0.00,3 weeks
claude code,how to install claude code,I,1000,23,12.04,1 month
claude code,how to make claude project public,I,1000,11,0.00,1 month
claude code,is claude code free,I,880,,3.74,1 month
claude code,how to change model in claude code,I,720,23,0.00,1 month
claude code,how to update claude code,I,590,33,19.66,1 month
claude code,how to access claude code,I,480,45,14.52,3 weeks
claude code,how to use claude code in vs code,I/C,480,48,8.86,1 month
claude code,how to use mcp claude free plan,I,480,12,0.00,1 month
claude code,when does claude code usage reset,I,480,,0.00,1 month
claude code,how much does claude cost,I,390,30,3.20,1 month
claude code,how to use a different llm with claude code,I,390,8,0.00,1 month
claude code,is claude code down,I,390,16,12.60,1 month
claude code,is claude open source,I,390,42,0.00,1 month
claude code,which claude model is best for coding,C,390,29,5.60,1 month
claude code,how much is claude code,I,320,19,5.42,1 month
claude code,how much is claude pro,I,320,23,3.65,3 weeks
claude code,how to make website with claude,I,320,27,0.00,1 month
claude code,how to write claude.md,I,320,27,0.00,3 weeks
claude code,does claude do image generation,I,260,28,1.47,1 month
claude code,how much does claude code cost,I,260,21,5.65,1 month
claude code,how to add claude to vs code,I/C,260,35,5.09,2 weeks
claude code,how to log out of claude code,I,260,7,0.00,2 weeks
claude code,how to run claude code,I,260,,7.95,1 month
claude code,is claude desktop free,I,260,30,0.00,1 month
claude code,is claude max worth it,I,260,19,17.61,1 month
claude code,is claude pro worth it,I,260,10,7.90,1 month
claude code,what is claude opus,I,140,50,4.05,1 month
claude code,can claude create images,I/C,210,19,2.90,1 month
claude code,can claude fill out applications for you directly on website,I,210,35,0.00,1 month
claude code,does claude train on your data,I,210,28,0.00,1 month
claude code,how does claude code work,I,210,42,4.19,1 month
claude code,how to set up claude code,I,210,50,4.61,4 weeks
claude code,how to use claude 3.7 with thinking mode code,I,210,21,0.00,1 month
claude code,how to use echo writing in claude,I,210,15,0.00,3 weeks
claude code,how to use links in claude,I,210,15,0.00,2 weeks
claude code,is claude code open source,I,210,24,0.00,1 month
claude code,what is claude desktop,I,210,46,0.00,1 month
claude code,what model does claude code use,I,210,36,5.60,1 month
claude code,which model does claude code use,I,210,41,0.00,1 month
claude code,can claude code use mcp,I,170,39,0.00,3 weeks
claude code,can i use claude code for free,I,170,23,7.18,Last week
claude code,does claude code have access to internet,I,170,8,0.00,Last week
claude code,how does claude code work under the hood,I,170,30,0.00,1 month
claude code,how many tokens do you get with claude pro,I,170,12,0.00,2 weeks
claude code,how to add supabase mcp to claude code,I,170,37,0.00,1 month
claude code,how to cancel claude subscription,I,170,,0.00,1 month
claude code,how to install claude code on mac,I,170,16,18.19,1 month
claude code,how to start claude code,I,170,24,5.27,1 month
claude code,how to uninstall claude code,I,170,11,0.00,Last week
claude code,is claude an llm,I,170,59,0.00,4 weeks
claude code,is claude code better than cursor,I,170,25,16.28,3 weeks
claude code,what is claude good for,I,170,46,0.27,1 month
claude code,can claude code see images,I,140,24,0.00,4 weeks
claude code,does claude have unlimited image uploads,I,140,11,0.00,1 month
claude code,does claude offer student discount,I/C,140,19,0.00,1 month
claude code,how to check claude code usage,I,140,27,0.00,4 weeks
claude code,how to download claude code,I,140,27,12.76,Last week
claude code,how to install claude code cli,I,140,18,11.59,1 month
claude code,how to install claude code on windows,I,140,25,19.38,4 weeks
claude code,how to use claude code in cursor,I,140,35,6.14,1 month
claude code,how to use claude code in terminal,I,140,28,10.88,1 month
claude code,how to use claude projects,I,140,21,4.60,3 weeks
claude code,is claude api free,I,140,33,0.00,1 month
claude code,is claude code good,I,140,36,5.58,2 weeks
claude code,is claude code worth it,I,140,21,11.11,1 month
claude code,is claude good for coding,I,140,34,6.73,1 month
claude code,why is claude code better than cursor,I,140,22,0.00,2 weeks
claude code,can claude code search the web,I,110,13,0.00,Last week
claude code,does claude code work on windows,I,110,26,0.00,1 month
claude code,does claude have deep research,I,110,23,0.00,2 weeks
claude code,how to add mcp server to claude code,I,110,24,0.00,3 weeks
claude code,how to add mcp to claude code,I,110,38,0.00,2 weeks
claude code,how to change claude code model,I,110,32,0.00,2 weeks
claude code,how to exit claude code,I,110,30,0.00,Last week
claude code,how to get claude code for free,I,110,20,5.30,2 weeks
claude code,how to launch claude code in terminal,I,110,26,0.00,1 month
claude code,how to start claude code in terminal,I,110,17,15.40,Last week
claude code,how to use claude computer use,I,110,21,0.00,1 month
claude code,is claude code an ide,I/C,110,27,44.77,2 weeks
claude code,what is claude 3.7,I,110,51,0.00,1 month
claude code,when was claude code released,I,110,,0.00,2 weeks
anthropic,what is anthropic,I/N,2900,48,1.44,2 weeks
anthropic,who owns anthropic,I,2900,68,5.37,2 weeks
anthropic,is anthropic publicly traded,I,1900,33,2.09,Last week
anthropic,is claude free,I,1900,26,1.34,2 weeks
anthropic,is cursor owned by anthropic,I,720,,0.00,Last week
anthropic,what does anthropic do,I,720,70,1.15,1 month
anthropic,how to invest in anthropic,I,480,20,2.84,1 month
anthropic,is anthropic down,I,390,22,0.00,Last week
anthropic,what is anthropic ai,I/N,390,73,1.63,1 month
anthropic,is anthropic a public company,I,720,43,1.58,3 weeks
anthropic,how to buy anthropic stock,I,210,24,4.21,2 weeks
anthropic,how to get anthropic api key,I,210,25,1.81,1 month
anthropic,how to invest in anthropic stock,I,210,23,2.45,3 weeks
anthropic,is anthropic profitable,I,210,37,3.97,1 month
anthropic,is anthropic public,I,210,30,1.66,4 weeks
anthropic,will anthropic go public,I,210,35,3.12,4 weeks
anthropic,is claude owned by google,I,260,20,0.00,1 month
anthropic,what does anthropic mean,I,260,50,0.00,1 month
anthropic,when was anthropic founded,I,260,54,0.00,1 month
anthropic,where is anthropic based,I,260,60,0.00,1 month
anthropic,how does claude charge,I,210,27,0.00,2 weeks
anthropic,how many employees does anthropic have,I,170,50,0.00,2 weeks
anthropic,who owns anthropic ai,I,170,42,2.90,4 weeks
anthropic,does amazon own anthropic,I,140,57,0.00,1 month
anthropic,how much of anthropic does amazon own,I,140,27,0.00,1 month
anthropic,how to use claude api,I,140,30,4.34,1 month
anthropic,is anthropic owned by amazon,I,140,62,0.00,1 month
anthropic,when will anthropic go public,I,140,25,2.95,4 weeks
anthropic,who founded anthropic,I,140,56,0.00,1 month
anthropic,why anthropic,I,140,41,0.00,1 month
anthropic,is anthropic a publicly traded company,I,110,21,1.36,3 weeks
anthropic,who is the ceo of anthropic,I,110,52,0.00,1 month
atp-claude ai,claude ai for coding,I,,,ATP,
atp-claude ai,claude ai for students,I,,,ATP,
atp-claude ai,claude ai for mac,I,,,ATP,
atp-claude ai,claude ai for writing,I,,,ATP,
atp-claude ai,claude ai for free,I,,,ATP,
atp-claude ai,claude ai for lawyers,I,,,ATP,
atp-claude ai,claude ai for students free,I,,,ATP,
atp-claude ai,claude ai for desktop,I,,,ATP,
atp-claude ai,claude ai for windows,I,,,ATP,
atp-claude ai,claude ai for business,I,,,ATP,
atp-claude ai,claude ai for developers,I,,,ATP,
atp-claude ai,claude ai for beginners,I,,,ATP,
atp-claude ai,claude ai for dummies,I,,,ATP,
atp-claude ai,claude ai for finance,I,,,ATP,
atp-claude ai,claude ai vs perplexity,C,,,ATP,
atp-claude ai,claude ai vs grok,C,,,ATP,
atp-claude ai,claude ai vs cursor,C,,,ATP,
atp-claude ai,claude ai vs gemini vs chatgpt,C,,,ATP,
atp-claude ai,claude ai vs claude code,C,,,ATP,
atp-claude ai,how to make money with claude ai,I,,,ATP,
atp-claude ai,ai like claude,I,,,ATP,
atp-claude ai,who built claude ai,I,,,ATP,
atp-claude code,what are claude code skills,I,,,ATP,
atp-claude code,can claude code read pdfs,I,,,ATP,
atp-claude code,can claude code generate images,I,,,ATP,
atp-claude code,can claude code use other models,I,,,ATP,
atp-claude code,can claude code build a website,I,,,ATP,
atp-claude code,can claude code read files,I,,,ATP,
atp-claude code,can claude code edit files,I,,,ATP,
atp-claude code,claude code with bedrock,I,,,ATP,
atp-claude code,claude code for students,I,,,ATP,
atp-claude code,claude code for web,I,,,ATP,
atp-claude code,claude code for beginners,I,,,ATP,
atp-claude code,claude code for marketing,I,,,ATP,
atp-claude code,claude code for non-coders,I,,,ATP,
atp-claude code,claude code for product managers,I,,,ATP,
atp-claude code,claude code for dummies,I,,,ATP,
atp-claude code,claude code vs copilot,C,,,ATP,
atp-claude code,claude code vs codex,C,,,ATP,
atp-claude code,claude code vs github copilot,C,,,ATP,
atp-claude code,claude code vs gemini cli,C,,,ATP,
atp-claude code,claude code vs antigravity,C,,,ATP,
atp-claude code,claude code vs claude,C,,,ATP,
atp-claude code,claude code vs chatgpt,C,,,ATP,
