Keyword,Intent,Volume,Keyword Difficulty,CPC (USD),SERP Features
med spa marketing,Informational,1000,35,20.38,"Sitelinks, Video, Video carousel, Knowledge panel, Related searches, Ads middle"
med spa marketing agency,Informational,1000,38,24.52,"Sitelinks, Video, Knowledge panel, Related searches, Ads top, Ads bottom"
diamond accelerator,Navigational,880,35,0.00,"Sitelinks, Video, Short videos, People also ask, Knowledge panel, Related searches"
med spa seo,Informational,880,14,27.09,"Sitelinks, AI Overview, Video, Video carousel, Related searches, Ads bottom"
medical spa marketing,Informational,880,24,20.38,"AI Overview, Video, Video carousel, Related searches, Ads bottom"
med spa seo company,Commercial,590,13,31.04,"Sitelinks, Video, Related searches"
medical spa seo company,Commercial,590,9,31.04,"Sitelinks, Video, Related searches"
med spa seo agency,Informational,480,22,24.30,"Sitelinks, Video, Knowledge panel, Related searches"
medspa marketing,Informational,480,25,27.99,"Sitelinks, Video, People also ask, Knowledge panel, Related searches, Ads top, Ads middle"
spa marketing,Informational,480,21,11.76,"AI Overview, Video, Video carousel, Related searches"
medical spa digital marketing agency,"Informational, Commercial",390,23,24.52,"Sitelinks, AI Overview, Image, Video, Local pack, Related searches"
medical spa marketing agency,Commercial,390,19,24.52,"Sitelinks, Video, Knowledge panel, Related searches"
medspa digital marketing,Informational,390,16,0.00,"Sitelinks, AI Overview, Video, Video carousel, Related searches, Ads middle"
medspa marketing agency,Informational,390,52,30.41,"Sitelinks, Video, People also ask, Knowledge panel, Related searches"
best med spa marketing company,Commercial,320,17,40.51,"Sitelinks, AI Overview, Video, Knowledge panel, Discussions and forums, Related searches"
med spa digital marketing,Informational,320,22,0.00,"Sitelinks, AI Overview, Video, Related searches"
med spa marketing company,Commercial,320,31,27.46,"Sitelinks, Video, Knowledge panel, Related searches"
medical spa digital marketing,Informational,320,25,0.00,"Sitelinks, AI Overview, Video, Local pack, Related searches"
medical spa marketing companies,Informational,320,28,27.46,"Sitelinks, AI Overview, Video, Knowledge panel, Discussions and forums, Related searches"
marketing for medical spa,Informational,260,19,20.38,"Sitelinks, AI Overview, Video, Related searches, Ads bottom"
med spa digital marketing agency,Commercial,260,20,24.52,"Sitelinks, Video, Local pack, Related searches, Ads bottom"
medical spa seo services,"Informational, Commercial",260,15,0.00,"Sitelinks, Video, Related searches, Ads bottom"
medspa marketing services,Commercial,260,23,0.00,"Sitelinks, Image, Video, Video carousel, Local pack, Related searches"
best med spa brands for service 2025,Commercial,210,12,0.00,"Sitelinks, AI Overview, Video, Video carousel, People also ask, Related searches"
best med spa brands with promotions,Commercial,210,10,0.00,"Sitelinks, AI Overview, Video, People also ask, Local pack, Related searches"
marketing for med spas,Informational,210,24,26.03,"AI Overview, Video, Video carousel, People also ask, Related searches"
med spa ads,Informational,210,11,19.41,"Sitelinks, Video, Video carousel, Discussions and forums, Related searches, Ads bottom"
med spa advertising,Informational,210,18,19.41,"Sitelinks, Video, Video carousel, Related searches"
med spa internet marketing,Informational,210,25,0.00,"Sitelinks, Video, Video carousel, Related searches"
med spa marketing strategies,Informational,210,20,11.94,"Sitelinks, AI Overview, Video, Video carousel, Discussions and forums, Related searches"
med spa seo services,Informational,210,14,2.19,"Sitelinks, Video, Related searches, Ads bottom"
med spa social media marketing,Informational,210,17,20.05,"Sitelinks, Video, Related searches"
medical aesthetics marketing,Informational,210,25,344.11,"AI Overview, Video, Video carousel, Related searches"
medical spa marketing ideas,Informational,210,11,18.10,"AI Overview, Video, Video carousel, Related searches"
medical spa seo agency,"Informational, Commercial",210,17,24.30,"Sitelinks, Video, Local pack, Related searches, Ads bottom"
medical spa seo experts,"Informational, Commercial",210,13,3.45,"Sitelinks, AI Overview, Video, Local pack, Related searches"
medispa marketing,Commercial,210,20,19.91,"Sitelinks, Video, Video carousel, People also ask, Related searches, Ads bottom"
top-rated med spa brands,Commercial,210,14,0.00,"Sitelinks, AI Overview, Video, People also ask, Local pack, Related searches"
best rated digital marketing companies for medical spa,Commercial,170,12,0.00,"Sitelinks, AI Overview, Video, People also ask, Discussions and forums, Related searches"
marketing for medical spas,Informational,170,22,20.38,"AI Overview, Video, Video carousel, Related searches"
medical spa ads,Informational,170,5,22.36,"Sitelinks, Video, Video carousel, Related searches"
medical spa advertising,Informational,170,18,22.36,"AI Overview, Video, Video carousel, People also ask, Local pack, Related searches"
medspa advertising,Informational,170,9,26.24,"Sitelinks, AI Overview, Video, Video carousel, Related searches"
medspa marketing solutions,Informational,170,14,0.00,"Video, Related searches"
reputable med spa brands,Commercial,170,12,0.00,"Sitelinks, AI Overview, Video, Discussions and forums, Related searches"
diamond relax center,Informational,140,26,0.00,"Video, People also ask, Knowledge panel, Related searches"
digital marketing for med spas,Informational,140,24,0.00,"Sitelinks, AI Overview, Video, Video carousel, Related searches"
med spa agency,Informational,140,22,14.45,"Sitelinks, Video, Local pack, Related searches"
med spa lead generation,Informational,140,5,31.57,"Sitelinks, Video, Video carousel, Ads bottom"
medi spa marketing,Informational,140,19,20.38,"Sitelinks, AI Overview, Video, Video carousel, Related searches"
medical spa digital marketing experts,Informational,140,26,27.46,"Sitelinks, Image, Video, Local pack, Related searches"
medical spa marketing plan,Informational,140,24,0.00,"Sitelinks, AI Overview, Video, Related searches"
medical spa marketing services,Commercial,140,35,18.10,"Sitelinks, Image, Video, People also ask, Local pack, Related searches"
medspa marketing companies,Informational,140,36,34.73,"Sitelinks, AI Overview, Video, Knowledge panel, Related searches"
spa marketing agency,Informational,140,26,26.37,"Sitelinks, AI Overview, Video, Knowledge panel, Related searches"
diamond accelerator reviews,"Informational, Commercial",110,9,30.61,"Sitelinks, AI Overview, Video, Related searches"
marketing for med spa,Informational,110,28,20.38,"AI Overview, Video, Video carousel, Local pack, Related searches"
med spa marketing companies,Informational,110,41,27.46,"Sitelinks, AI Overview, Video, Knowledge panel, Related searches, Ads bottom"
medical spa digital marketing services,Informational,110,28,27.46,"Sitelinks, AI Overview, Video, Local pack, Related searches, Ads bottom"
medical spa ppc agency,Commercial,110,16,0.00,"Sitelinks, Video, Local pack, Related searches"
digital marketing for med spa,Informational,90,21,0.00,"Sitelinks, AI Overview, Video, Discussions and forums, Related searches, Ads middle"
how to market a medical spa,Informational,90,12,0.00,"Sitelinks, AI Overview, Video, Video carousel, Discussions and forums, Related searches"
magic marketing,Commercial,90,38,3.30,"Sitelinks, Video, Video carousel, Local pack, Related searches"
marketing spas,Informational,90,23,11.76,"Sitelinks, Video, Video carousel, Local pack, Related searches, Ads bottom"
marketing strategy for spa business,Informational,90,16,0.00,"Sitelinks, AI Overview, Video, Video carousel, People also ask, Related searches, Ads bottom"
med spa magic marketing,Navigational,90,42,12.44,"Sitelinks, Video, Video carousel, Knowledge panel, Related searches"
medical spa marketing & advertising,Informational,90,27,0.00,"Sitelinks, Image, Video, Knowledge panel, Discussions and forums, Related searches"
medical spa marketing software,Commercial,90,33,0.00,"Video, Video carousel, Related searches"
medical spa ppc company,"Informational, Commercial",90,8,73.84,"Sitelinks, AI Overview, Video, People also ask, Related searches"
medspa marketing agency los angeles,Informational,90,16,27.80,"AI Overview, Video, Local pack"
medspa social media marketing,Informational,90,11,20.05,"Sitelinks, Video, Related searches"
ppc for med spas,Informational,90,0,0.00,"Sitelinks, AI Overview, Video, Video carousel, Related searches"
spa marketing strategies,Informational,90,16,5.36,"Sitelinks, AI Overview, Video, Video carousel, Discussions and forums, Related searches"
ads management for med spas,Informational,70,7,0.00,"Sitelinks, AI Overview, Video, Related searches"
best med spa brands for service,Commercial,70,0,0.00,"Sitelinks, AI Overview, Video, Related searches"
best practices for building loyal customer base in med spa,Commercial,70,6,0.00,"Sitelinks, AI Overview, Video"
content marketing for medical spas,Informational,70,0,0.00,"Sitelinks, AI Overview, Video, Related searches, Ads bottom"
diamond accelerator med spa,Navigational,70,36,12.34,"Sitelinks, Video, Short videos, Knowledge panel, Related searches"
diamond accelerator photos,Informational,70,11,0.00,"Sitelinks, Image, Video, People also ask, Related searches"
digital marketing for medical spas,Informational,70,15,0.00,"Sitelinks, AI Overview, Video, Related searches, Ads bottom"
how to market a med spa,Informational,70,20,0.00,"Sitelinks, AI Overview, Video, Discussions and forums, Related searches"
marketing for medspa,Informational,70,21,31.51,"Sitelinks, AI Overview, Video, Discussions and forums, Related searches"
marketing for spas,Informational,70,11,11.76,"Sitelinks, AI Overview, Video, Video carousel, Discussions and forums, Related searches"
med spa content creation,Informational,70,0,0.00,"AI Overview, Video, Video carousel"
med spa marketing plan,Informational,70,19,0.00,"AI Overview, Video, Related searches"
med spa ppc agency,Commercial,70,12,0.00,"Sitelinks, Video, Local pack, Related searches"
med spa ppc company,Informational,70,5,0.00,"Sitelinks, AI Overview, Video, People also ask, Related searches"
med spa ppc management,Informational,70,0,0.00,"Sitelinks, AI Overview, Video, Video carousel, Related searches"
medical aesthetic marketing services,Informational,70,11,0.00,"Image, Video, Local pack, Related searches"
medical aesthetician digital marketing,Informational,70,6,0.00,"AI Overview, Video, Video carousel"
medical spa social media marketing,Informational,70,18,20.05,"Sitelinks, AI Overview, Video, Related searches, Ads bottom"
medspa ads,Informational,70,11,26.24,"Sitelinks, AI Overview, Video, Video carousel, Related searches, Ads bottom"
medspa marketing ideas,Informational,70,8,23.20,"Sitelinks, AI Overview, Image, Image pack, Video, Video carousel, Discussions and forums, Related searches"
ppc advertising for med spas,Informational,70,0,0.00,"Sitelinks, AI Overview, Video, Discussions and forums, Related searches"
ppc services for med spas,Informational,70,0,0.00,"Sitelinks, AI Overview, Video, Related searches"
spa marketing plan,Informational,70,7,0.00,"AI Overview, Video, People also ask, Related searches"
affordable marketing services for small medical spas,Informational,50,19,0.00,"Sitelinks, AI Overview, Video, Local pack, Related searches"
best medspa seo company,Commercial,50,7,0.00,"Sitelinks, AI Overview, Video, Discussions and forums, Related searches"
content marketing for med spas,Informational,50,0,0.00,"Sitelinks, AI Overview, Video, Video carousel, Related searches"
create engaging med spa social media content,Informational,50,0,0.00,"Sitelinks, AI Overview, Video, Video carousel, Discussions and forums"
digital marketing for medspas,Informational,50,8,0.00,"Sitelinks, AI Overview, Video, Video carousel, Related searches, Ads middle"
digital marketing med spa,Informational,50,29,5.72,"Sitelinks, AI Overview, Video, Local pack, Related searches, Ads bottom"
effective services for medspa business growth,Commercial,50,5,0.00,"Sitelinks, AI Overview, Video, Discussions and forums"
expert med spa seo services,Informational,50,5,0.00,"Sitelinks, AI Overview, Video, Related searches"
leading business infrastructure services for medspas,"Informational, Commercial",50,0,0.00,"Sitelinks, AI Overview, Video"
marketing agency for cosmetic clinics,Informational,50,16,0.00,"AI Overview, Image, Video, Local pack, Discussions and forums, Related searches, Ads top, Ads middle"
med spa branding,Informational,50,0,5.58,"Sitelinks, Video, Related searches"
med spa consulting california,Commercial,50,11,0.00,"Sitelinks, Video, Local pack, Related searches"
med spa consulting los angeles,Informational,50,9,0.00,"Sitelinks, AI Overview, Video, People also ask, Local pack, Related searches"
med spa content marketing,Informational,50,18,0.00,"Sitelinks, AI Overview, Video, Related searches"
med spa marketing services,Commercial,50,34,0.00,"Image, Video, Local pack, Related searches"
med spa marketing strategy,Informational,50,20,11.94,"Sitelinks, AI Overview, Video"
med spa paid search marketing,Informational,50,0,0.00,"Sitelinks, AI Overview, Video"
med spa ppc agency los angeles,Informational,50,0,0.00,"Video, Local pack, Related searches"
med spa practice management california,Commercial,50,19,0.00,"AI Overview, Video, People also ask, Local pack, Related searches, Ads bottom"
medical spa branding,Informational,50,0,5.58,"Video, Video carousel, Related searches"
medical spa branding agency,Commercial,50,39,24.52,"Sitelinks, Video, Local pack, Related searches, Ads middle"
medical spa digital marketing company,Commercial,50,22,0.00,"Sitelinks, Video, Local pack, Related searches, Ads bottom"
medical spa ppc campaigns,Informational,50,0,0.00,"Sitelinks, AI Overview, Video, Video carousel"
medical spa social media agency tampa,"Informational, Commercial",50,,0.00,"Sitelinks, Image, Video, Local pack, Related searches"
medspa consulting california,Informational,50,16,0.00,"Sitelinks, Video, Local pack, Related searches"
medspa seo services,Informational,50,11,2.19,"Sitelinks, AI Overview, Video, Related searches"
medspa startup consulting california,Informational,50,6,0.00,"Sitelinks, AI Overview, Video, Local pack, Related searches"
spa marketing companies,Informational,50,16,0.00,"Sitelinks, AI Overview, Image pack, Video, People also ask, Knowledge panel, Discussions and forums, Related searches, Ads middle"
spa marketing solutions,Informational,50,4,0.00,"AI Overview, Video, Related searches"
women-led med spa king of prussia,Commercial,50,37,0.00,"Video, Local pack, Related searches"
ai marketing for medspa aimarketingserver,"Informational, Transactional",40,0,0.00,"Sitelinks, Video, Video carousel"
best marketing for medical spa,"Informational, Commercial",40,13,0.00,"Sitelinks, AI Overview, Video, Related searches, Ads bottom"
best med spa marketing agencies,Commercial,40,21,0.00,"Sitelinks, AI Overview, Video, Local pack, Discussions and forums, Related searches, Ads bottom"
diamond med spa,Commercial,40,15,3.61,"Video, Local pack, Related searches"
effective digital marketing strategies for med spas,Informational,40,10,0.00,"Sitelinks, AI Overview, Video, Video carousel"
how to market a spa,Informational,40,16,0.00,"Sitelinks, AI Overview, Video, Related searches"
marketing agency for spa,Commercial,40,29,0.00,"Sitelinks, Video, People also ask, Local pack, Related searches, Ads bottom"
marketing for medspas,,40,,22.26,
marketing services for med spas,Commercial,40,10,0.00,"Sitelinks, Video, Related searches"
med spa ads/advertising,Informational,40,5,0.00,"Sitelinks, Video, Video carousel, Discussions and forums, Related searches"
med spa digital marketing company,Commercial,40,19,0.00,"Sitelinks, Video, Local pack, Related searches, Ads bottom"
med spa seo tampa,"Informational, Commercial",40,1,0.00,"Video, Local pack"
medical marketing company new orleans,Commercial,40,23,0.00,"Sitelinks, Video, Local pack, Related searches"
medical spa branding agency tampa,"Informational, Commercial",40,2,0.00,"Sitelinks, Local pack, Related searches"
medical spa content marketing,Informational,40,2,0.00,"Sitelinks, AI Overview, Video, Related searches"
medical spa seo agency tampa,Commercial,40,0,0.00,Local pack
medical spa social media management austin,"Informational, Commercial",40,1,0.00,"Video, Local pack, Related searches"
medical spa social media services,Informational,40,18,0.00,"Sitelinks, AI Overview, Video, Local pack, Related searches"
medical spa website design agency,Commercial,40,3,21.41,"Sitelinks, Related searches, Ads bottom"
medspa+marketing+agency,,40,,18.19,
medspas marketing agency,,40,,0.00,
seo and ppc for med spas,Informational,40,0,0.00,"Sitelinks, AI Overview, Video, Video carousel, Discussions and forums, Related searches"
seo for med spas texas,Informational,40,0,0.00,"Sitelinks, AI Overview, Video, People also ask, Local pack, Related searches, Ads bottom, Ads middle"
seo specialist for med spa,Informational,40,8,0.00,"Sitelinks, AI Overview, Video, Discussions and forums, Related searches, Ads bottom"
spa advertising,Informational,40,11,8.82,"Sitelinks, Image pack, Video, Related searches"
spa agency,Informational,40,24,0.00,"Video, Knowledge panel, Related searches"
who are the premier medspa marketing companies,"Informational, Commercial",40,5,0.00,"Sitelinks, AI Overview, Video, People also ask, Related searches, Ads bottom"
ai marketing for medspas,,30,,0.00,
content marketing for medspas,,30,,0.00,
how to market a medspa,,30,,12.42,
marketing ideas for medical spa,Informational,30,2,18.10,"Sitelinks, AI Overview, Image, Video, Discussions and forums, Related searches"
marketing spa,Informational,30,17,11.76,"Sitelinks, AI Overview, Video, Video carousel, Related searches"
med spa promotion ideas,Informational,30,6,13.93,"AI Overview, Image, Image pack, Video, Video carousel, People also ask"
medical spa digital marketing companies,Informational,30,24,27.46,"Sitelinks, AI Overview, Video, Local pack, Related searches"
medspa digital marketing agency,,30,,0.00,
medspa digital marketing education,,30,,0.00,
medspa digital marketing strategy,,30,,0.00,
medspa marketing blog,,30,,21.86,
medspa marketing strategies,,30,,34.49,
medspa marketing trends 2026,,30,,0.00,
medspa seo service,"Informational, Commercial",30,7,2.19,"Sitelinks, Video, Related searches, Ads bottom"
medspa society,Navigational,30,47,3.12,"Sitelinks, Video, Video carousel, Knowledge panel, Related searches"
bay area medspa marketing,,20,,0.00,
email marketing work for plastic surgeons & medspas,,20,,0.00,
email marketing work for plastic surgeons & medspas los angeles,,20,,0.00,
influx medspa marketing,,20,,0.00,
marketing software for medspas,,20,,0.00,
marketing to grow medspa,,20,,0.00,
medspa content marketing,,20,,0.00,
medspa magic marketing,,20,,16.90,
medspa market,,20,,0.00,
medspa market size,,20,,0.00,
medspa marketing agencies,,20,,0.00,
medspa marketing campaigns,,20,,0.00,
medspa marketing company,,20,,0.00,
medspa marketing jobs,,20,,0.14,
medspa marketing los angeles,,20,,0.00,
medspa marketing masters,,20,,18.57,
medspa marketing plan,,20,,0.00,
medspa marketing service,,20,,0.00,
medspas marketing plan,,20,,0.00,
who are the best medspa marketing companies,,20,,0.00,
custom medspa marketing,,10,,0.00,
harper blvd medspa jobs sales marketing social media,,10,,0.00,
marketing agency for medspas,,10,,0.00,
marketing automation for medspas,,10,,0.00,
marketing crm for medspas,,10,,0.00,
medspa adwords marketing,,10,,0.00,
medspa content marketing company,,10,,0.00,
medspa digital marketing in us,,10,,0.00,
medspa digital marketing servicestexas,,10,,0.00,
medspa email marketing,,10,,0.00,
medspa franchise marketing agency,,10,,0.00,
medspa marketing case study,,10,,18.19,
medspa marketing help,,10,,0.00,
medspa marketing raleigh,,10,,0.00,
medspa marketing raleigh nc,,10,,0.00,
medspa marketing st petersburg fl,,10,,0.00,
medspa marketing tips,,10,,0.00,
social media marketing for medspa,,10,,0.00,
utah medspa market size 2024,,10,,0.00,
which medspa software has the best marketing features,,10,,0.00,
aesthetic conversion full-funnel medspa marketing package,,0,,0.00,
aesthetic conversion fullfunnel medspa marketing package,,0,,0.00,
aesthetic conversion medspa marketing miami la,,0,,0.00,
august medspa marketing ideas,,0,,0.00,
best way to market a medspa,,0,,0.00,
blogs for medspa marketing,,0,,0.00,
digital marketing for medspa,,0,,0.00,
digital marketing medspa,,0,,0.00,
digital marketing system for medspas,,0,,0.00,
effective digital marketing tools for medspas,,0,,0.00,
elite medspa scottsdale jobs sales marketing social media,,0,,0.00,
facebook medspa marketing,,0,,0.00,
fifi medspa job postings sales marketing social media,,0,,0.00,
holladay utah medspa market,,0,,0.00,
how medspas can dominate local search urban markets,,0,,0.00,
how much do medspa pay for marketing,,0,,0.00,
how to market my medspa,,0,,0.00,
how to market your medspa,,0,,0.00,
http hauteliving.com 2017 11 skinney-medspa-coolsculpting 647147 market newyork,,0,,0.00,
influencer marketing impact on medspa treatment demand,,0,,0.00,
is the medspa market hot,,0,,0.00,
kpis for medspa owners to measure marketing roi,,0,,0.00,
market your medspa,,0,,0.00,
marketing a medspa,,0,,0.00,
marketing company medspa lead generation,,0,,0.00,
marketing filler and botox for a medspa,,0,,0.00,
marketing for private practice medspa,,0,,0.00,
marketing lead generation medspa,,0,,0.00,
marketing medspa,,0,,23.79,
marketing system for medspas,,0,,0.00,
marketing your medspa,,0,,0.00,
medspa content marketing agency,,0,,0.00,
medspa content marketing clearwater fl,,0,,0.00,
medspa content marketing orange county,,0,,0.00,
medspa content marketing tampa fl,,0,,0.00,
medspa equipment market,,0,,0.00,
medspa facebook marketing,,0,,0.00,
medspa facebook marketing agency,,0,,0.00,
medspa market study,,0,,0.00,
medspa marketing agency in georgia,,0,,0.00,
medspa marketing agency orange county,,0,,0.00,
medspa marketing agency st petersburg fl,,0,,0.00,
medspa marketing agency tampa fl,,0,,0.00,
medspa marketing best practices,,0,,0.00,
medspa marketing clearwater fl,,0,,0.00,
medspa marketing dashboard metrics,,0,,0.00,
medspa marketing experts,,0,,0.00,
medspa marketing for toronto clinics,,0,,0.00,
medspa marketing how to promote cosmetic injections and procedures,,0,,0.00,
medspa marketing kpis,,0,,0.00,
medspa marketing news,,0,,0.00,
medspa marketing strategies 2025,,0,,0.00,
medspa marketing strategy,,0,,0.00,
medspa marketing tampa fl,,0,,0.00,
medspa marketing tools,,0,,0.00,
medspa marketing toronto,,0,,0.00,
medspa marketing trends 2025,,0,,0.00,
medspa marketing usa,,0,,0.00,
medspa marketing.solution,,0,,0.00,
medspa online marketing,,0,,0.00,
medspa online marketing agency,,0,,0.00,
medspa social media marketing clearwater fl,,0,,0.00,
medspa social media marketing st petersburg fl,,0,,0.00,
medspa social media marketing tampa fl,,0,,0.00,
medspa total addressable market,,0,,0.00,
medspan health care market research,,0,,0.00,
medspan healthcare market research,,0,,0.00,
medspan market research,,0,,0.00,
medspas marketing,,0,,21.86,
medspas social media marketing,,0,,0.00,
medspeed market leader healthcare logistics reasons,,0,,0.00,
narotique medspa jobs sales marketing social media,,0,,0.00,
nashville medspa marketing and sales,,0,,0.00,
netlocal medspa marketing,,0,,0.00,
perfect medspa job openings sales marketing social media,,0,,0.00,
perfect medspa job postings sales marketing social media,,0,,0.00,
pwic medspa on market,,0,,0.00,
rejuvenate medspa jobs sales marketing social media,,0,,0.00,
salt lake city medspa market size 2024,,0,,0.00,
salt lake city medspa market trends 2024,,0,,0.00,
salt lake county medspa market size,,0,,0.00,
sarah gibson serenity medspa marketing,,0,,0.00,
social media marketing for medspas,,0,,0.00,
social media medspa marketing ideas,,0,,0.00,
solomon partners medspa market overview 2024 pdf,,0,,0.00,
svia medspa marketing jobs,,0,,0.00,
the perfect image medspa jobs sales marketing social media,,0,,0.00,
the perfect image medspa sales marketing social media jobs,,0,,0.00,
top medspa equipment manufacturers certified clinical training marketing support,,0,,0.00,
top medspa marketing companies,,0,,0.00,
us medspa market size 2023 2024,,0,,0.00,
us medspa market size 2024,,0,,0.00,
which medspa software has built in marketing features,,0,,0.00,
which medspa software has built-in marketing features,,0,,0.00,
youthology medspa east market street warren oh,,0,,0.00,
